id,subject,question,choices,answer
1,world_history,수메르와 이집트는 다음과 같은 점을 제외하고는 모두 비슷했습니다.,"['홍수로 인해 남겨진 토사에 대한 농업 의존도', '자연의 신을 중심으로 한 다신교에 대한 믿음', '자연 장벽의 침입으로부터 보호받는 즐거움', '고유한 문자 언어 체계 개발', '인근의 다른 문화권과의 무역에 참여']",3
2,world_history,중국 도교 철학의 추종자는 다음 중 어느 진술에 가장 동의하겠습니까?,"['정부의 개입은 최소화해야 합니다.', '정부는 교육을 잘 받은 남성이 운영할 때 가장 잘 작동합니다.', '정부는 국가를 강화하는 데 집중해야 합니다.', '지나치게 많은 자유를 허용하는 정부는 실패할 수밖에 없습니다.', '정부는 독립적인 생각을 억압할 의무가 있습니다.']",1
3,world_history,다음 중 구석기 시대 초기 인류의 특징이 아닌 것은?,"['간단한 도구를 만들고 사용할 수 있는 능력', '영구 정착지에 거주하는 경향', '사냥 및 채집 기술에 대한 의존도', '예술적인 동굴 그림을 그리는 성향', '요리 및 난방을 위한 불의 숙달']",2
4,world_history,불교는 부분적으로 어떤 신앙에 대한 질문에 대한 응답으로 창시되었나요?,"['이슬람교', '도교', '유대교', '힌두교', '기독교']",4
5,world_history,쿠시 도시 메로에가 유명해진 것은 주로 다음과 같은 자연적인 공급 덕분입니다.,"['소금', '철', 'gold', '곡물', 'silver']",2
6,world_history,"1차 포에니 전쟁 당시 로마인들은 시칠리아 점령에 가장 큰 관심을 보였는데, 그 이유는 다음과 같습니다.","['다양한 천연 자원을 제공했습니다.', '전략적 군사 기지 역할을 할 수 있습니다.', '로마가 민간인의 손실을 복수할 수 있게 해줄 것입니다.', '는 로마의 동방과의 무역 능력을 증가시킬 것입니다.', '카르타고군이 이탈리아를 침공할 때 중요한 장소가 될 수 있습니다.']",1
7,world_history,테르모필레 전투는 페르시아 전쟁에서 아테네가 승리하는 데 핵심적인 역할을 했습니다.,"['페르시아인들이 아테네에 도달하여 약탈하는 것을 막았습니다.', '아테네에 도착하기 전에 페르시아 군대의 상당 부분을 전멸시켰습니다.', '페르시아의 접근을 지연시키고 아테네군에게 준비할 시간을 주었습니다.', '페르시아 해군을 제거하고 육상 공격에 의존하도록 강요했습니다.', '페르시아의 사기를 약화시키고 병사들이 싸우기를 꺼리게 만들었습니다.']",3
8,world_history,누가 로마 제국을 반으로 나눴나요?,"['Augustus', '디오클레티아누스', '줄리어스 시저', '콘스탄틴', '마크 안토니']",2
9,world_history,무역을 위한 실크로드의 사용은 주로 다음과 같은 이유로 한 왕조 말기에 감소했습니다.,"['장거리 무역을 너무 비싸게 만드는 경제 상황', '여행하기에 안전하지 않은 도로를 만든 끊임없는 전쟁', '지중해의 실크 제품에 대한 수요 감소', '중국 실크의 엄청난 부족 현상', '도로를 따라 이동하며 인구를 몰살시킨 전염병']",5
10,world_history,도리아 시대에 그리스는 식량 부족을 겪었습니다.,"['비정상적으로 따뜻하고 건조한 기상 조건의 기간', '다른 지중해 문화권과의 무역 감소', '농작물에 피해를 입힌 장기적인 농업 병충해', '그리스 본토로부터의 이민 추세', '상당한 자원을 사용한 페르시아와의 전쟁']",4
11,world_history,몽골이 중국을 장악하고 원나라를 세웠을 때 다음을 제외한 모든 일을 했습니다.,"['중국인들과 분리된 그들만의 커뮤니티 구축', '중국식 중앙집권적 정부 형태 채택', '일본 및 동남아시아 침략 시도', '공무원 시험의 새로운 버전 확립', '더 큰 종교의 자유 허용']",4
12,world_history,셀주크 투르크의 비잔틴 영토 침공은 주로 다음과 같은 이유로 비잔틴 제국의 약화로 이어졌습니다.,"['제국 전역에 퍼진 정치적 불안과 내전', '식량 공급과 세금 징수 능력이 모두 감소합니다.', '다른 지중해 문화권과의 교역 중단', '광범위한 종교적 격변과 이슬람 개종', '인구를 몰살시킨 전염병의 발생']",2
13,world_history,9세기에 바이킹은 주로 다음과 같은 목적으로 다른 유럽 공동체를 침략했습니다.,"['영토 분쟁을 결정합니다.', '종교적 열정을 불러일으키기', '식량 부족 문제 해결', '무역 금지 조치 설정', '경제적 고통 유발']",3
14,world_history,십자군 전쟁으로 인한 무역의 재부흥은 주로 어느 나라의 항구를 통해 이루어졌는가?,"['프랑스', '스페인', '그리스', '포르투갈', '이탈리아']",5
15,world_history,다음 중 마야와 아즈텍의 유사성에 대한 설명 중 올바르지 않은 것은?,"['두 나라 모두 3단계의 사회 계급 체계가 있었습니다.', '두 사람 모두 의식적인 인신 희생을 실천했습니다.', '둘 다 유카탄 반도의 일부를 점령했습니다.', '둘 다 스페인에 의해 정복되었습니다.', '둘 다 도시 국가들의 집합으로 구성되었습니다.']",4
16,world_history,무굴 제국의 붕괴에 가장 큰 영향을 미친 요인은 무엇일까요?,"['적의 침입', '종교적 불안', '경제적 고통', '농민 반란', '승계 분쟁']",5
17,world_history,북부 르네상스는 다음과 같은 점에서 이탈리아 르네상스와 가장 달랐습니다.,"['시각 예술을 크게 강조하지 못했습니다.', '종교적 헌신을 더 중요시', '휴머니즘의 개념을 크게 거부했습니다.', '세속주의의 유행을 증가시키지 않았습니다.', '기독교인들 사이의 불협화음 증가']",2
18,world_history,예정 교리를 개발하고 가르친 사람은 누구인가요?,"['존 녹스', '마틴 루터', '울리히 츠빙글리', '존 캘빈', '토마스 모어']",4
19,world_history,포르투갈이 동방으로 향하는 대체 경로를 모색한 주된 동기는 다음과 같습니다.,"['중국과 직접 거래 관계 구축', '스페인과 신대륙에서 스페인과 경쟁합니다.', '이탈리아와 무슬림의 무역 지배 종식', '인도양의 모든 무역 권리를 주장할 수 있습니다.', '서남아시아의 주요 지역 식민지화 시작']",3
20,world_history,7년 전쟁은 어느 나라에 가장 유익했나요?,"['영국', '프랑스', '러시아', '스페인', '이탈리아']",1
21,world_history,다음 중 프랑스 국회의 초기 정부 개혁 계획에 포함된 것은 무엇인가요?,"['입헌 공화국', '독재', '제한된 군주제', '절대 군주제', '민주주의']",3
22,world_history,윌리엄과 메리가 서명한 권리장전에 따르면 영국 군주는 다음을 제외한 모든 행위를 할 수 없었습니다.,"['의회에서 언론의 자유를 방해하는 행위', '입법부의 승인 없이 세금 부과', '국회에서 통과된 모든 법률의 효력 정지', '시민의 불만 사항 청취 거부', '정당한 사유 없이 피험자를 감금하는 행위']",5
23,world_history,루이지애나 매입을 통해 프랑스는 다음을 위한 상당한 자금을 확보할 수 있었습니다.,"['루이 16세의 사치스러운 지출 이후 경제 재건', '이전 정부의 실패에 따른 새로운 공화당 정부 수립', '군주를 전복하고 자코뱅의 새 정부를 출범시켰습니다.', '나폴레옹의 유럽 정복과 프랑스 제국 건설을 위한 자금 지원', '워털루 전투 패배 후 국가 재건']",4
24,world_history,시몬 볼리바르가 아메리카 대륙에서 스페인에 대항하는 혁명을 주도하는 데 가장 큰 관심을 가졌던 이유는 다음과 같습니다.,"['독재자처럼 지역 전체를 통치하기', '라틴 아메리카 통일 국가 수립', '스페인을 북미로 강제 진출', '외부 영향으로부터 지역 격리', '스페인에서 프랑스로 식민지 지배권 이전']",2
25,world_history,테니스 코트 선서를 하면서 국회는 다음과 같이 맹세했습니다.,"['공화당 정부 수립', '억압적인 군주제 타도', '모든 불공정 세금 보이콧', '새로운 주 헌법 작성', '군사 독재 정권 설치']",4
26,world_history,영국에서 산업 혁명이 시작된 것은 주로 다음과 같은 이유에서 비롯되었습니다.,"['광범위한 인구 과잉', '거래 증가', '국가 번영', '농업 혁신', '풍부한 리소스']",4
27,world_history,1884-85년 베를린 회의는 유럽 제국주의 열강들의 평화적 협상을 위한 회의였습니다.,"['중국과의 무역 조건', '아프리카 대륙에 대한 통제권', '동남아시아 항구를 둘러싼 분쟁', '옛 오스만 제국 영토에 대한 권리', '유럽의 국제 무역 정책']",2
28,world_history,19세기 말과 20세기 초의 권투 선수 반란은,"['일본 항구 강제 개방', '인도에서 영국의 억압적인 통치', '중국으로의 외국인 침입', '베트남에서 프랑스인이 초래한 경제적 고통', '인도네시아에서 네덜란드의 지배력']",3
29,world_history,경제학자 아담 스미스의 자유방임주의 이론은 정부가 다음과 같은 개념을 지지했습니다.,"['개인 비즈니스에 대한 간섭 자제', '개인 비즈니스에 대한 직접적인 통제권 행사', '위기 상황에서만 민간 기업 규제', '최소한의 비즈니스 규정 유지', '국내 기업만 규제']",1
30,world_history,경제 제국주의는 다른 형태의 식민지 지배와 다른 점이 있습니다.,"['식민지 영토는 전적으로 제국주의 권력에 의존했습니다.', '제국주의 권력이 식민지 영토의 정부를 직접 통제했습니다.', '제국주의의 영향력 아래 있던 지역은 민간 기업에 의해 통제되었습니다.', '제국주의 열강이 한 지역에 대한 독점적 교역권을 가졌습니다.', '식민지 영토는 자체 독립 정부를 운영하도록 허용되었습니다.']",3
31,world_history,2차 세계대전 중 히틀러의 영국 공격이 결국 실패로 끝난 이유는 무엇일까요?,"['독일 공군은 큰 피해를 입히지 못했습니다.', '미군이 영국을 지원하러 왔습니다.', '이 공격은 나치가 감당하기에는 너무 많은 비용이 들었습니다.', '독일군은 지상 공격을 수행할 수 없었습니다.', '영국은 레이더로 나치 비행기를 추적할 수 있었습니다.']",5
32,world_history,"1917년, 미국은 독일의 음모를 알게 된 후 제1차 세계 대전에 참전했습니다.","['동남아시아에서 미국 영토 장악', '미 해군에 대한 기습 공격 개시', '멕시코가 미국에 빼앗긴 땅을 되찾을 수 있도록 도와주세요.', '미국 주요 해안 도시 공격', '마주치는 모든 미국 원양 정기선을 파괴하십시오.']",3
33,world_history,러시아 내전 당시 대부분의 사람들은 다음과 같은 이유로 레닌의 붉은 군대를 지지했습니다.,"['백군이 차르의 권력을 되찾을 것을 두려워했습니다.', '레닌으로부터 큰 경제적 번영을 약속받았습니다.', '서구의 영향으로부터 스스로를 고립시키고자 했던', '공격적인 공산주의 선전에 의해 강요당했습니다.', '그렇지 않으면 적군이 공격할 것이라고 믿었습니다.']",1
34,world_history,히틀러와 독일인에게 안슐루스라는 용어는 어떤 의미였나요?,"['적군에 대한 기습 공격', '아리안 종족의 정화', '프랑스와 영국의 침공', '독일과 오스트리아의 통일', '비밀 경찰']",4
35,world_history,미군이 핵무기를 사용하게 된 이유는 다음과 같습니다.,"['미군은 일본 본토에 진입할 방법이 없었습니다.', '지상 침공은 너무 많은 사상자를 초래할 것입니다.', '미군은 본토에서 필요한 자원에 접근 할 수 없습니다.', '일본 지상군은 한국군의 추가 지원을 받았습니다.', '미국 대중은 전쟁이 가능한 한 빨리 끝나기를 원했습니다.']",2
36,world_history,제2차 세계대전 후 소련이 동유럽에 공산주의 정권을 설치한 주된 이유는 무엇인가요?,"['민주주의의 확산을 막기 위해', '서구로부터 격리하기 위해', '지역 내 무역을 통제하려면', '천연 자원 공급을 늘리기 위해', '유럽 전역에 공산주의 확산을 돕기 위해']",2
37,world_history,한국전쟁은 왜 결국 교착상태로 끝났을까요?,"['유엔군이 북한 영토에 침투할 수 없었기 때문에', '한국 정부는 한국 국민의 지지를 받지 못했기 때문에', '소련군이 북한을 대신해 참전하겠다고 위협했기 때문입니다.', '중국이 전쟁에 참전하여 유엔군이 후퇴하도록 강요했기 때문에', '북한은 남한을 완전히 점령할 수 있는 자원이 없었기 때문에']",4
38,world_history,1954년 호찌민이 프랑스에 승리한 후 제네바 회의는 다음과 같이 열렸습니다.,"['공식적으로 호를 비난하고 그의 해임을 촉구했습니다.', '베트남을 완전히 독립된 국가로 인정', '베트남을 공산주의 북부와 민주주의 남부로 분열시켰습니다.', '베트남에 대한 국제 경제 금수 조치 제정', '유엔에 프랑스의 통제권을 회복하기 위해 군대를 파견해달라고 청원했습니다.']",3
39,world_history,유대인 국가 이스라엘이 형성된 후 이어진 전쟁은 다음을 제외한 모든 결과를 초래했습니다.,"['이스라엘의 서안지구 통제', '팔레스타인 난민 캠프 설립', '팔레스타인을 위한 이스라엘의 토지 점령', '가자 지구에 대한 이집트의 통제', '아랍군에 대한 이스라엘의 승리']",1
40,world_history,미하일 고르바초프의 페레스트로이카 정책은 다음과 같은 방법으로 소련을 안정시키려는 시도였습니다.,"['정부에 대한 토론 장려', '정치 부패 감소', '경제 구조 조정', '더 많은 해외 무역 허용', '공산주의의 추가 확산 촉진']",3
41,world_history,다음 중 세계화된 무역의 증가에 가장 중요한 요인이 된 것은 무엇인가요?,"['세계 인구 증가', '다국적 기업의 등장', '지역 국가 자원의 감소', '보호 관세 분석', '커뮤니케이션 기술 향상']",4
42,world_history,1948년 유엔이 발표한 세계 인권 선언에는 모든 인간은 다음과 같은 권리를 가진다고 명시되어 있습니다.,"['자유, 평등, 정의', '개인의 생명, 자유 및 안전', '자유, 자치, 법의 보호', '자유, 보안 및 종교적 관용', '생명, 자유, 행복 추구']",2
43,world_history,주류 언론의 주목을 가장 먼저 받은 테러 사건은 무엇인가요?,"['오클라호마 시티 폭탄 테러', '이란 인질 위기', '뮌헨에서 활약하는 이스라엘 선수들', '최초의 세계무역센터 폭탄 테러', '2001년 9월 11일']",3
44,world_history,다음 중 지구 온난화의 가장 중요한 원인은 무엇인가요?,"['글로벌 인구 과잉', '도시화 증가', '원자력 에너지', '화석 연료 연소', '광범위한 삼림 벌채']",4
45,world_history,1997년에 유엔은 다음과 같은 방법으로 지구 온난화 문제를 해결하려고 시도했습니다.,"['온실가스 규제를 위한 조약 체결', '현상에 대한 자체적인 연구를 수행합니다.', '산업계 리더들에게 이산화탄소 배출량 감축을 요청합니다.', '대체 에너지원 개발 장려', '전 세계 지구 온난화 인식 제고 캠페인 시작']",1
46,world_history,마우리아 황제 아쇼카의 통치는 다음과 같은 특징이 있습니다.,"['정직한 선언과 긍정적인 행동', '끊임없는 전쟁과 시민에 대한 잔인함', '억압적이고 금욕적인 전체주의 정부', '광대한 기념물 및 건물 건설', '불교 원칙에 대한 과감한 거부']",1
47,world_history,프리드리히 엥겔스와 같은 사회주의자들은 다음과 같이 주장했습니다.,"['사회는 인간 본성에 내재된 혼란스러운 잔인성으로부터 개인을 보호하기 위해 필요합니다.', '정부는 통치하에 있는 국민을 직접 대표할 때만 진정으로 정의로울 수 있습니다.', '동물이 자연에서 우위를 차지하기 위해 경쟁하듯 국가는 권력과 재산을 놓고 경쟁해야 합니다.', '재정적 부와 자원은 한 국가의 시민들에게 고르게 분배되어야 합니다.', '모든 시민은 국가와 문화의 발전을 위해 헌신할 의무가 있습니다.']",4
49,world_history,다음 중 함무라비가 문명에 기여한 가장 중요한 공헌을 설명하는 것은?,"['기원전 675년경 앗수르 침략군의 패배와 멸망', '서남아시아의 통치자들과 평화로운 협상의 선례', '이집트가 구왕국으로 알려진 시대로 접어들다', '전설적인 바빌론의 행잉 가든의 설계와 건설', '왕국을 통치할 수 있는 포괄적인 법률 체계']",5
50,world_history,지그문트 프로이트가 획기적인 저서 Die Traumdeutung을 통해 의도한 바는 무엇이었을까요?,"['금기된 욕망 조정하기', '꿈의 의미 해석하기', '사회 및 성 역할 탐구하기', '최면 이론에 대한 반박', '정서적 히스테리 치료']",2
51,world_history,몽골의 유목민 관습은 다른 민족을 정복하는 데 가장 큰 도움이 되었다는 점에서 다음과 같이 입증되었습니다.,"['몽골이 막대한 재물과 식량, 무기를 축적하는 데 도움을 주었습니다.', '몽골인들의 강인함과 인내심을 장려했습니다.', '몽골군의 기마술과 기동력을 향상시키고 빠르게 공격할 수 있게 했습니다.', '몽골인들의 다양한 환경에서 생존할 수 있는 능력을 향상시켰습니다.', '몽골 인구와 군대를 늘리는 데 기여했습니다.']",3
52,world_history,녹색 혁명이 현대에 중요한 이유는 다음과 같습니다.,"['환경 보존 이니셔티브에 대한 글로벌 지원 확대', '재생 에너지원의 개발 및 사용 장려', '여성과 아동의 평등한 권리를 적극적으로 옹호합니다.', '동유럽 국가들에 더 큰 정치적 안정을 가져다주었습니다.', '개발도상국의 기아 퇴치를 위한 농작물 수확량 증가']",5
53,world_history,무슬림 달력에서 첫 해를 기념하는 행사는 무엇인가요?,"['무함마드가 코란을 완성했습니다.', '무함마드가 태어났습니다.', '무하마드는 시리아로 향하는 캐러밴에 합류했습니다.', '무하마드가 사망했습니다.', '무함마드는 메카에서 메디나로 여행했습니다.']",5
55,world_history,남아프리카의 아파르트헤이트 정책은 다음과 같은 목적을 위해 특별히 고안되었습니다.,"['지역 내 공산주의 확산 방지', '내부 정치 문제에 대한 외국의 영향력 제한', '유럽 및 미주 지역과의 무역 장려', '아프리카인의 정치적 지배력 보장', '독립 초기 국가 안정화']",4
56,world_history,고대 그리스와 로마인의 업적에 가장 큰 영향을 받은 현대 분야는 무엇인가요?,"['윤리 및 종교', '의료 및 위생', '정치 및 정부', '재무 및 무역', '과학 및 기술']",3
57,world_history,"유럽 역사에서 레벤스라움, 즉 '생활 공간'이라는 용어는 가장 흔히","['20세기 독일의 팽창에 대한 열망', '소수 민족의 게토 마을 강제 이주', '산업화 및 도시화에 대한 거부', '예술과 문학의 목가적 이상에 대한 찬사', '20세기 북미로의 이민']",1
58,world_history,다음 중 두 종교 간의 갈등으로 인해 낭트 칙령(1598년)이 내려진 것은?,"['자이나교와 이슬람교', '칼빈주의와 루터주의', '로마 가톨릭과 개신교', '힌두교와 불교', '시크교와 정통 유대교']",3
59,world_history,19세기에 북미로 이주한 대부분의 아일랜드 시민들의 주된 동기는 무엇이었나요?,"['종교의 자유 찾기', '아일랜드 독립을 위한 지원 찾기', '국가적 기근 탈출', '영국 군대 징집 피하기', '영국 제국주의에 항의하세요']",3
60,world_history,힌두 카스트 제도에서 슈드라 카스트의 구성원은 원래 다음과 같은 역할을 수행했습니다.,"['하인 및 근로자', '왕과 귀족', '트레이더 및 판매자', '군인 및 궁정', '사제 및 교사']",1
61,world_history,올멕 문명은 현대에 알려진 땅을 점령했습니다.,"['바하 캘리포니아 반도', '멕시코 서부 태평양 연안', '과테말라 및 벨리즈 북부', '멕시코 남부 걸프만 연안', '아마존 유역과 열대우림']",4
62,world_history,"""그러므로 모든 사람이 모든 사람에게 적인 전쟁의 시대는 모든 사람이 자신의 힘과 자신의 발명품이 제공하는 것 외에 다른 안전 장치 없이 살아가는 시대와 동일한 결과를 초래합니다. 그러한 상태에서는... 계속되는 두려움과 폭력적인 죽음의 위험이 있으며, 인간의 삶은 고독하고 가난하고 불쾌하고 잔인하고 짧습니다."" 위의 진술은 다음 중 어느 역사적 인물의 견해를 표현한 것입니까?","['토마스 홉스', '존 캘빈', '장 자크 루소', '니콜로 마키아벨리', '토마스 아퀴나스']",1
63,world_history,메이지 유신 기간 동안 일본은 다음과 같은 변화와 가장 유사한 변화를 겪었습니다.,"['헤프탈리아의 통치 아래 페르시아', '차르 피터 1세 통치기의 러시아', '로마 점령하의 유대', '영국 식민지 이전의 스리랑카', '프랑스 혁명 시대의 프랑스']",2
64,world_history,1906년부터 1917년까지 러시아에서 활동한 두마는 다음과 같이 가장 잘 설명할 수 있습니다.,"['혁명적인 비밀 사회', '반공주의 정당', '선출된 입법 기관', '비밀 정부 경찰', '산업 근로자 연합']",3
65,world_history,"비잔틴 제국은 천 년이 넘는 세월이 흐른 후 붕괴했는데, 그 주된 이유는 다음과 같습니다.","['1452년 프레드릭 3세의 신성로마제국 황제 즉위', '1378년경 시작된 대분열', '1453년 오스만 제국의 콘스탄티노플 정복', '1462년 황금 호드에 대한 러시아 조공의 종말', '1453년 백년전쟁을 종식시킨 프랑스의 승리']",3
66,world_history,조지 오웰의 『1984』나 올더스 헉슬리의 『멋진 신세계』 같은 책은 20세기 주요 문학 작품의 예로 어떤 문학 형식을 사용하나요?,"['비극 코미디', '풍자 소설', '에세이 소설', '디스토피아 소설', '페미니스트 소설']",4
67,world_history,20세기 선진국들의 오프쇼어링 관행은 일반적으로 다음을 제외한 모든 사항을 중요하게 생각합니다.,"['원자재 가용성 향상', '국내 경제 발전', '전체 비즈니스 비용 절감', '전반적인 인건비 절감', '덜 엄격한 노동법 및 환경법']",2
68,world_history,농업의 도입은 이전 유목 사회에 가장 큰 영향을 미친 것은 다음과 같습니다.,"['성별에 따른 책임 분담', '인구 밀도 증가', '인간의 잦은 이동을 필요로 합니다.', '음식이 남을 가능성 감소', '전통적인 노동 전문화 근절']",2
69,world_history,마다가스카르가 1960년 독립할 때까지 식민지였던 마다가스카르를 점령한 나라는 어느 나라입니까?,"['프랑스', '독일', '미국', '포르투갈', '영국']",1
70,world_history,1215년에 발행된 마그나 카르타는 다음과 같은 법적 원칙을 확립했습니다.,"['적법한 법적 절차', '입증 책임', '소멸시효', '사법적 존중', '주권 면책']",1
71,world_history,기원전 6세기경 인도에서 힌두교에 대한 종교적 논쟁에 대응하여 불교와 함께 발전한 종교는?,"['자이나교', '라스타파주의', '신도', '시크교', '조로아스터교']",1
72,world_history,1864년에 시작된 파라과이 전쟁에서 파라과이는 다음과 같은 연합군에 맞서 싸웠습니다.,"['스페인과 영국의 식민지 개척자', '우루과이, 아르헨티나, 브라질', '칠레, 페루, 볼리비아', '페루와 영국 식민지', '볼리비아와 스페인 식민지']",2
73,world_history,캐나다 북부 및 남부 지역은 몇 년에 통합되었나요?,"['1755', '1776', '1813', '1841', '1913']",4
74,world_history,중세 아프리카 제국 가나는 영국과 프랑스 사이의 중간적 위치 덕분에 번성했습니다.,"['유럽과 아프리카의 지식인', '소금 상인과 금과 상아 상인', '실크로드와 향신료 루트', '어촌 및 농어촌 지역', '기독교 및 무슬림 정착지']",2
75,world_history,명나라부터 청나라까지 통치자들이 사용했던 중국 황궁은,"['자금성', 'Wumen', '포탈라 궁전', 'Xanadu', '외곽 도시']",1
76,world_history,고대 메소포타미아의 지구라트는 다음과 가장 유사합니다.,"['아리안들의 베다', '이집트인의 피라미드', '로마인의 수로', '아메리카 원주민의 푸에블로', '중국인의 탑']",2
77,world_history,20세기 카슈미르 주를 둘러싼 영토 분쟁은 인도와 파키스탄의 갈등으로 이어졌습니다.,"['러시아', '중국', '파키스탄', '일본', '방글라데시']",3
78,world_history,다음 중 고대 이집트의 파라오에 대해 사실이 아닌 것은?,"['그들은 왕국 땅의 대부분을 소유했습니다.', '죽은 후에는 신성한 존재가 된다고 합니다.', '일반적으로 비주얼라이제이션 담당자에게 업무를 위임합니다.', '남성이어야 했습니다.', '그들은 자연을 통제한다고 믿었습니다.']",4
79,world_history,영국과 중국 간의 아편 무역은 주로 다음과 같은 이유로 발생했습니다.,"['일본의 무역 참여 부족', '중국과의 무역에 대한 유럽의 관심', '아편이 의학적으로 유익하다는 믿음', '유럽산 제품에 대한 중국인의 욕구', '유럽의 천연 자원 희소성 증가']",2
80,world_history,15세기 로마 가톨릭의 대분열은 어떻게 해결되었나요?,"['교회 선거인단이 두 번째, 세 번째 교황을 선출했습니다.', '콘스탄체 공의회는 교황을 소환하기로 결정했습니다.', '학자들은 성경을 모국어인 영어로 번역했습니다.', '스콜라주의는 유럽의 신념 체계를 변화시켰습니다.', '교황청은 일시적으로 프랑스 아비뇽으로 이전했습니다.']",2
81,world_history,유대교의 신학은 다음과 같은 믿음으로 인해 다른 초기 종교와 가장 달랐습니다.,"['일신론', '영지주의', '허무주의', '군주의 신성한 권리', '종교 의례 및 의식']",1
82,world_history,낭만주의와 고전주의의 예술 사조의 주요 차이점은 무엇인가요?,"['낭만주의는 고대 문명의 예술과 사상을 암시합니다.', '낭만주의는 감정과 감성의 중요성을 강조했습니다.', '고전주의는 자연의 형태와 본질에서 영감을 받았습니다.', '낭만주의는 이성과 근거의 원칙에 기반을 두고 있습니다.', '고전주의는 구성에서 과학과 대칭을 거부했습니다.']",2
83,world_history,다음 중 도교에서 중요한 덕목으로 꼽은 것은 무엇인가요?,"['세속적 발전에 집중', '커뮤니티 마인드 함양', '영성과 문화의 분리', '엄격한 도덕적 의무 준수', '모든 세속적 욕망 제거']",5
84,world_history,로제타 스톤은 다음 분야에서 중요했습니다.,"['고대 북아프리카의 통화 및 무역 환율 이해', '그리스어 번역을 사용하여 이집트 상형문자 해독하기', '서남아시아에서 로마 점령의 이정표 추적하기', '선형 A 및 B 양식의 서면 비문 번역', '고대 메소포타미아의 법률에 대한 서면 기록을 제공합니다.']",2
85,world_history,교황 베네딕토 8세는 1022년 로마 가톨릭 교리에 영구적인 변화를 가져온 선언을 통과시켰습니다.,"['성직자에 대한 독신주의 요건 도입', '평신도에게 면죄부 판매를 금지했습니다.', '교회 직분을 판매하는 관행을 제정했습니다.', '종교 재판 중 고문 사용 금지', '복수의 교황을 선출하는 관행을 제정했습니다.']",1
86,world_history,기원전 2500년경 철의 생산과 사용을 개척했을 가능성이 가장 높은 고대 문명은 어느 것일까요?,"['페르시아인', '히브리서', '히타이트', '바빌로니아인', '수메르인']",3
87,world_history,넬슨 만델라와 마하트마 간디의 개별적인 정치적 투쟁은 다음과 같은 점에서 가장 유사했습니다.,"['식민 통치로부터 자국의 독립을 지키기 위해 노력했습니다.', '인종차별을 조장하는 억압적인 정부에 맞서 싸웠습니다.', '결국 각국 정부의 고위 관료가 되었습니다.', '장기간의 단식 투쟁을 통해 불의에 항의했습니다.', '무장 혁명 조직 설립']",2
88,world_history,서기 1100년까지 노르만의 영향력이 가장 강하게 느껴졌던 근대 지역은 어디인가요?,"['노르웨이, 스웨덴, 영국', '아프리카 및 지중해', '러시아 및 발트해 지역', '독일, 오스트리아, 이탈리아', '영국, 이탈리아, 프랑스']",5
89,world_history,구석기 시대는 석기 도구의 사용으로 구별되는 반면 신석기 시대는 다음과 같은 특징으로 구별됩니다.,"['금속 가공 기능', '전쟁의 일부인 기병대', '고급 아키텍처 구축', '농업의 발전', '표시된 제국 건설']",4
90,world_history,중세 도시인 이탈리아 베니스와 멕시코 테노치티틀란은 다음과 같은 점에서 가장 유사합니다.,"['약 40만 명의 시민 수용', '국제 무역의 주요 항구 역할을 했습니다.', '16세기에 침략자들에 의해 약탈당했습니다.', '산업 역량으로 인해 번영했습니다.', '섬 위에 건설되었습니다.']",5
91,world_history,다음 중 총력전으로 알려진 관행의 가장 좋은 예는 무엇인가요?,"['전통적인 지상 전투를 넘어 해상과 공중으로 무력 분쟁의 확장', '적 영토 내에서 광범위한 첩보 및 정찰 네트워크 사용', '대중의 정서에 영향을 미치기 위한 첨단 기술 및 프로파간다 사용', '민간인 거점을 폭격하여 적의 전투 지속 능력을 파괴합니다.', '적 군대를 완전히 파괴하지 않고는 분쟁을 끝낼 수 없습니다.']",4
92,world_history,"""예의가 없는 공손함은 번잡함이 되고, 예의가 없는 신중함은 소심함이 되고, 예의가 없는 대담함은 불복종이 되고, 예의가 없는 직설은 무례함이 된다."" 위의 발췌문은 다음과 같은 관점을 표현합니다.","['마키아벨리', '소크라테스', '에라스무스', '공자', '노자']",4
93,world_history,다음 중 고대 및 중세 문명의 노예제 관행에 대한 진술 중 사실이 아닌 것은?,"['노예제는 수렵 채집 인구 사이에서 거의 추구되지 않았습니다.', '노예가 된 사람들은 다양한 직종에서 일하게 되었습니다.', '유럽 식민지화 이전에도 아프리카에는 노예제도가 존재했습니다.', '노예는 고대 그리스와 로마에서 중요한 존재였습니다.', '노예가 된 사람들은 거의 대부분 아프리카계 흑인이었습니다.']",5
95,world_history,1848년 프랑크푸르트 암 마인에서 열린 자유주의 지도자 회의의 주요 목표는 다음과 같습니다.,"['독일 국가의 자율성 파괴', '독일 왕자로부터 정치적 호의 얻기', '세습 군주제 폐지', '독일 국가 통일 촉진', '프로이센의 프레드릭 윌리엄 전복']",4
96,world_history,19세기 유럽 제국주의 열강들이 이집트에서 영향력 경쟁을 벌인 이유는 주로,"['수에즈 운하의 중요성', '나일강 계곡을 이용하려는 욕망', '이집트를 통한 군대 이동의 용이성', '산업 역량 활용에 대한 관심', '풍부한 노동력과 자원']",1
97,world_history,다음 중 열반의 상태를 궁극적인 영적 목표로 보지 않는 종교는 무엇인가요?,"['불교', '힌두교', '이슬람교', '자이나교', '시크교']",3
98,world_history,17세기에서 20세기 사이에 중국에서 가장 활발하게 활동한 백련회는 다음과 같은 특징이 가장 잘 드러납니다.,"['민간 민병대', '종교 종파', '만주족', '정당', '경제 동맹']",2
99,world_history,제임스 1세가 1603년부터 1625년까지 동시에 통치한 두 나라는 어디인가요?,"['영국 및 프랑스', '잉글랜드 및 웨일즈', '잉글랜드 및 스코틀랜드', '덴마크 및 노르웨이', '아일랜드 및 스코틀랜드']",3
100,world_history,다음 중 페니키아 문명에서 가장 중요한 업적은 무엇인가요?,"['복잡하고 접근하기 어려운 법률 코드 생성', '중요한 천체 발견', '보상적 손해배상 개념의 발전', '별과 황도대와의 관계에 대한 연구', '음절 쓰기용 알파벳의 발명']",5
101,world_history,영국 식민지 개척자들에 의해 실론이라고 불린 이 나라는 식민지 시대 이후 다음과 같이 알려지게 되었습니다.,"['스리랑카', '캄보디아', 'Laos', '부탄', '미얀마']",1
102,world_history,"""우리는 2월 1일부터 제한 없는 잠수함전을 시작할 계획입니다. 그럼에도 불구하고 우리는 미국의 중립을 유지하기 위해 노력할 것이다. 이것이 성공하지 못할 경우, 우리는 멕시코에 다음과 같은 조건으로 동맹을 제안한다: 함께 전쟁을 하고, 함께 평화를 만들고, 관대한 재정 지원과 멕시코가 텍사스, 뉴멕시코, 애리조나에서 잃어버린 영토를 정복한다는 우리 측의 이해."" 위의 발췌문은 원래 어떤 문서에 실렸나요?","['공산주의자 선언문', '최종 솔루션', '5개년 계획', '짐머만 전보', '종료 계획']",4
103,world_history,이 모든 것이 영국에서 산업 혁명으로 이어진 것은 다음과 같습니다.,"['소비주의 사회', '기술 발전 횟수', '농업 노동력 감소', '식민지 강대국으로서의 부족함', '주요 국제 거래 파트너']",4
104,world_history,타이핑 반란은 두 사건 모두 중국의 공산당 점령과 유사합니다.,"['는 일반적으로 종교적 교리의 영향을 받지 않았습니다.', '급진적 마르크스주의 정치적 견해에서 비롯되었습니다.', '베르사유 조약에 대한 불만에서 비롯되었습니다.', '최소한의 물리적 충돌과 유혈 사태를 수반했습니다.', '재산과 권리의 평등한 분배를 요구했습니다.']",5
105,world_history,가장 최근에 만들어진 세계 달력은 무엇인가요?,"['율리우스 력', '이집트 달력', '콥트어 달력', '그레고리력', '마야 달력']",4
106,world_history,러다이트의 행동은 다음과 같은 사회적 관점을 가장 강력하게 지지했습니다.,"['세습 귀족은 신성한 힘에 의해 성립됩니다.', '군주제 정부에서는 종교의 자유가 존재할 수 없었습니다.', '전통적인 성 역할은 건강한 경제의 토대입니다.', '공교육은 상위 계층으로 제한되어야 합니다.', '산업 기술이 근로자에게 해가 될 수 있습니다.']",5
107,world_history,중세 아프리카의 황제 만사 무사는 가장 유명한 인물로,"['이웃 나라 대사에 대한 잔인함', '유럽으로의 빈번한 폭력적 침입', '대서양 노예 무역을 확립하는 데 있어 역할', '팀북투의 부유함과 풍요로움', '종교적 열정과 기독교에 대한 지지']",4
108,world_history,실크로드는 간접적인 전파의 역할을 했습니다.,"['유럽의 노예 제도', '아프리카의 질병', '중국의 불교', '아시아의 사회주의', '인도의 장원주의']",3
109,world_history,"힌디어, 산스크리트어, 네팔어 언어에서 주로 사용된 문자 체계는 무엇인가요?","['아랍어', '설형 문자', '라틴어', '키릴 문자', '데바나가리']",5
111,world_history,제임스 쿡 선장은 대영제국의 힘에 가장 크게 기여한 인물은 다음과 같습니다.,"['7년 전쟁에서 영국의 캠페인을 이끌다', '퀘벡에서 프랑스군 격파', '영국 왕관을 위해 호주를 주장하다', '영국의 산업주의 증진을 위한 입법', '인도에서의 영국 지배권 협상']",3
113,world_history,20세기에 만프레드 폰 리히트호펜은 일반적으로 다음과 같은 상징으로 인식되기 시작했습니다.,"['상륙 귀족의 과잉', '식민지 팽창주의의 확산', '군사 기사도의 마지막 흔적', '교회와 국가를 분리하려는 욕구', '독일 통일을 위한 운동']",3
114,world_history,"""오, 형제 여러분, 조국을 사랑하십시오!...조국을 통해서만 우리는 인정받는 집단적 존재가 될 수 있습니다...여러분 각자가 자기 자신 안에서 조국을 구체화하기 위해 노력합시다. 여러분 각자가 자신을 보증인으로 여기고 동료 국민에 대한 책임을 지며, 자신을 통해 조국이 사랑과 존경을 받을 수 있도록 자신의 행동을 다스리는 법을 배우도록 하십시오."" 다음 중 주세페 마지니의 작품에서 발췌한 이 구절에서 가장 잘 드러나는 이론은?","['절대주의', '보수주의', '공리주의', '민족주의', '자유주의']",4
115,world_history,기원전 399년 아테네의 젊은이들을 타락시킨 혐의로 유죄 판결을 받고 죽은 철학자는 누구인가요?,"['제노폰', '소크라테스', 'Plato', '아리스토텔레스', '헤라클레데스 폰티쿠스']",2
116,world_history,19세기 중반 뭄바이는 어떤 산업 분야에서 세계를 선도했나요?,"['실크 생산', '면 직물', '아편 제조', '노예 무역', '향신료 거래']",2
117,world_history,3차 십자군 전쟁의 주요 결과는,"['콘스탄티노플의 무슬림 약탈', '스페인에서 이슬람 통치 철폐', '예루살렘을 되찾지 못한 기독교의 실패', '라틴 제국의 기초', '기독교의 예루살렘 점령']",3
118,world_history,이 모든 것은 페드로 2세(1831-89) 통치 기간 동안 브라질에서 일어났습니다.,"['""커피 정부""에 대한 반발', '설탕 대신 커피 생산에 집중', '브라질 전역의 노예제 폐지', '철도 및 전신 현대화', '군주제를 전복시킨 군사 쿠데타']",1
119,world_history,다음 중 현대 이란의 이슬람 정부 수립에 가장 큰 영향을 미친 지도자는 누구인가요?,"['레자 샤 팔라비', '나데르 샤 아프샤르', '아야톨라 루 알라 호메이니', '모하마드 레자 샤 팔라비', '아가 모 ?아마드 칸']",3
120,world_history,아프리카 전통에서는 정교하게 조각하고 장식한 나무 가면을 가장 많이 사용합니다.,"['영혼과 종교의식', '부족 전투 및 기타 전쟁', '가족 모임 및 클랜 모임', '연극 및 사교 엔터테인먼트', '무역 및 외교 사절단']",1
121,world_history,"기원전 212년, 로마 시민권은 다음과 같이 확장되었습니다.","['노예 및 계약직 하인', '공화국의 모든 자유 거주자', '모든 군인 및 재향 군인', '교육받은 원주민 출신 지주', '제국의 모든 자유 거주자']",5
122,world_history,기원전 72-73년에 마사다에서 일어난 사건은 이스라엘의 초기 유대인들이,"['경제와 사회의 위대한 개혁가', '상대 왕국의 치열한 정복자', '이웃 간의 갈등 중재자', '조국의 결연한 수호자', '깨달음을 얻은 철학자']",4
123,world_history,다음 중 다양한 종류의 금속이 발견되고 사용된 연대기적 순서를 올바르게 보여주는 것은?,"['청동, 철, 강철, 구리', '구리, 청동, 철, 강철', '철, 강철, 구리, 청동', '강철, 구리, 철, 청동', '청동, 구리, 강철, 철']",2
124,world_history,런던은 원래 마을에서 성벽으로 둘러싸인 주요 도시로 발전했습니다.,"['바이킹, 기원 865년경', '노르만인, 기원 1066년경', '앵글로색슨족, 기원전 670년경', '켈트족, 기원전 50년경', '로마, 기원전 43년경']",5
125,world_history,그레이트 짐바브웨 왕국은 아프리카 철기 시대에 광범위한 시스템으로 가장 유명했습니다.,"['군사 대형', '벽 및 석조물', '항구 및 시장', '은광산', '소금 광산']",2
126,world_history,러일전쟁은 현대 역사상 처음으로 다음과 같은 사건이 발생했습니다.,"['식민지배와 제국의 야망이 무력 충돌로 이어진 경우', '아시아 국가가 유럽 강국을 상대로 승리를 거두었습니다.', '영토를 놓고 충돌한 두 개의 세계 강대국', '육지와 해상에서 동시에 분쟁이 발생했습니다.', '이데올로기보다는 영토가 동기 부여의 요인이었습니다.']",2
127,world_history,찰스 디킨스의 글은 다음과 같은 비판으로 가장 잘 알려져 있습니다.,"['종교 윤리의 명백한 위선', '보편적 참정권 운동', '영국의 식민지 야망과 무역', '경제적 불평등과 빈곤', '인종 차별적 관행과 세계 노예제']",4
128,world_history,고대에 중국인들이 로마 제국 및 유럽과 교역하는 가장 일반적인 경로는 다음과 같습니다.,"['비아 마리스', '실크로드', '애피안 웨이', '중간 통로', '킹스 하이웨이']",2
129,world_history,전통적으로 부처님이 깨달음 후 첫 설법에서 설파한 것으로 여겨지는 사성제에는 다음을 제외한 모든 내용이 포함됩니다.,"['고통은 욕망과 기타 부정적인 행동으로 인해 발생합니다.', '신념의 전파가 종교에 필요한 경우', '인간의 삶은 필연적으로 슬픔으로 가득 차 있습니다.', '열반은 중도의 길을 통해 도달할 수 있습니다.', '욕망의 중단은 열반의 평화로 이어질 수 있습니다.']",2
130,world_history,중국의 지도자 쿠빌라이 칸은 다음을 제외한 모든 것으로 유명합니다.,"['중국에 불교 소개하기', '몽골의 중국 정복 완료', '베이징에 수도 설립', '마르코 폴로의 호스트이자 후원자 역할', '실패한 일본 침략을 시작하다']",1
131,world_history,17세기 네덜란드에서는 투기 광풍으로 인해 대규모 경제 거품이 발생했습니다.,"['아트웍', '종교 유물', '중국 실크', '주택', '튤립']",5
133,world_history,다음 중 1880년대 프랑스가 파나마 운하를 건설하는 데 가장 큰 장애물이었던 것은?,"['모기가 옮기는 질병', '노동조합과의 협상', '영국에 의한 침해', '원주민과의 갈등', '스페인-미국 전쟁의 전투']",1
134,world_history,중국의 천명(天命)이라는 개념은 유럽의 이상과 가장 유사합니다.,"['계약직 노동', '봉건적 장원주의', '""언덕 위의 도시""', '왕의 신성한 권리', '로얄 아파나쥬']",4
135,world_history,다음 중 멕시코가 제1차 세계대전 중 독일과의 동맹을 거부한 이유 중 하나를 설명하지 않는 것은?,"['영국의 봉쇄로 멕시코로의 무기 수송이 막혔습니다.', '옛 멕시코 영토의 미국인들은 동화를 거부할 것입니다.', '멕시코 함선들은 독일 U보트의 위협을 너무 많이 느꼈습니다.', '미국을 공격하면 남미 동맹이 위험해질 수 있습니다.', '멕시코에게 미국은 너무 강력한 적이 될 것입니다.']",3
136,world_history,고대 제국주의는 다음과 같은 점에서 현대 제국주의와 가장 큰 차이가 있었습니다.,"['현대 제국주의는 정복당한 사람들에 대한 과세에 더 중점을 둡니다.', '고대 제국주의는 주로 영국과 프랑스에 의해 수행되었습니다.', '현대 제국주의는 일반적으로 극소수의 국가가 관여했습니다.', '고대 제국주의는 아시아와 아프리카에 더 강하게 집중했습니다.', '현대 제국주의는 주로 산업주의적 추구에 초점을 맞추고 있습니다.']",5
137,world_history,서아프리카의 송하이 제국은 1591년 다음과 같은 이유로 붕괴했습니다.,"['니제르 강에서 무역을 촉진하려는 시도', '모로코의 송하이 영토 침공', '금과 소금 거래의 변동성', '이슬람과 전통 종교 간의 갈등', '말리 제국이 가오를 정복하다']",2
138,world_history,연금술은 다음과 같은 행위로 가장 잘 정의됩니다.,"['전쟁으로 인한 피해에 대한 배상금 지급', '특정 지역에서 종교 예배 금지', '정부의 정치 프로세스를 투명하게 만들기', '조립 라인에서 교체 가능한 부품 제조', '금속을 변형시키고 불멸을 찾으려는 시도']",5
139,world_history,1955년 바르샤바 조약으로 공산주의에 대한 균형이 만들어졌습니다.,"['유럽 연합', '유엔', '소비에트 사회주의 공화국 연합', '유럽 경제 공동체', '북대서양 조약 기구']",5
140,world_history,1990년대 멕시코에서 발생한 사파티스타 민족해방군은 사파티스타라는 이름을 통해,"['멕시코 군주의 영광', '농민 반란의 정신', '이슬람 극단주의자들의 열광', '이주 노동자의 곤경', '남미 전사들의 분노']",2
141,world_history,"아즈텍은 텍스코코 호수 한가운데 있는 섬에 수도 테녹티틀란을 건설했는데, 그 이유는 다음과 같습니다.","['무역 목적에 이상적으로 위치했습니다.', '외부 공격자로부터 보호 제공', '그들이 정착해야 할 곳에 대한 예언을 성취했습니다.', '는 금과 기타 광물의 천연 매장량이 풍부했습니다.', '아즈텍이 정복한 사람들에게는 신성하게 여겨졌습니다.']",3
142,world_history,메소포타미아와 이집트의 초기 문명은 다음과 같은 점에서 가장 유사했습니다.,"['보복 처벌 규정을 개발했습니다.', '여성을 남성과 사회적으로 동등하다고 여기는 비율', '별도의 도시 국가로 구성된 정부를 개발했습니다.', '힉소스의 침략과 점령에 의해', '생존을 위해 매년 강물의 범람에 의존했습니다.']",5
143,world_history,다음 중 인도로 향하는 항로를 찾아 아시아에서 최초로 무역을 시작한 국가는?,"['스페인', '영국', '프랑스', '포르투갈', '이탈리아']",4
144,world_history,클라우디우스 프톨레마이오스의 지동설 천문학 이론은 16세기에 태양 중심설이 도입될 때까지 반박되지 않았습니다.,"['아리스토텔레스', '코페르니쿠스', '갈릴레오', '케플러', 'Brah']",2
145,world_history,다음 중 사하라 사막 이남 아프리카의 반투족을 가장 정확하게 묘사한 것은?,"['이들은 처음에는 수많은 마을로 구성된 무국적 사회로 조직되었습니다.', '그들은 사회적 중요도에 따라 사람들을 구분하는 계급 시스템을 개발했습니다.', '그들은 경제적, 육체적 생존을 위해 사하라 횡단 금과 소금 무역에 의존했습니다.', '그들은 히브리인과 비슷한 유일신교를 믿었습니다.', '그들은 아프리카에서 무슬림 인구와 폭력적인 충돌을 경험했습니다.']",1
146,world_history,베르사유 조약에는 다음 조항을 제외한 모든 조항이 포함되어 있습니다.,"['독일이 알자스-로렌 영토를 프랑스에 양도할 것을 요구합니다.', '독일 군대 규모에 영구적인 제한을 두는 조건으로', '독일이 전쟁 발발에 대한 전적인 책임을 져야한다는 조항', '독일이 아프리카 식민지를 유지할 권리를 위해 비용을 지불하도록 강요한 규정입니다.', '독일이 무기를 제조하거나 수입할 수 없도록 한 요건']",4
147,world_history,"원로와 조상에 대한 존중, 효과적인 정부에 대한 강조, 지도자들이 가장 높은 교육을 받은 사람들과 협력해야만 질서와 조화가 존재할 수 있다는 믿음은 모두 주요 철학적 신념입니다.","['도교', '유교', '신도', '불교', '법률주의']",2
148,world_history,기원전 325년 알렉산더 대왕과 그의 군대가 인도를 떠난 것은 곧바로,"['마우리아 제국의 부상', '인도 불교의 쇠퇴', '힌두교의 재부상', '굽타 제국의 형성', '인도 정부의 분권화']",1
149,world_history,주로 기발한 어조와 특정한 의미가 없는 작품을 제작한 20세기 미술 학파는 어디인가요?,"['초현실주의', '다다이즘', '표현주의', '기능주의', '큐비즘']",2
150,world_history,다음 중 1839년 영-중 전쟁으로 이어진 중국과 영국 간의 긴장에 주로 책임이 있는 것은?,"['독립적 자치에 대한 중국의 열망', '영국의 중국 아편 수입', '중국 사회의 서구화', '홍콩에 대한 영토 통제', '공산주의 영향력의 확산']",2
151,world_history,"""사회계약 개념의 핵심은 간단하게 설명할 수 있습니다: 우리 각자는 자신의 인격과 권위를 일반 의지의 최고 지시 아래 두고, 집단은 각 개인을 전체의 불가분한 부분으로 받아들인다."" 다음 중 위의 진술에 가장 동의할 가능성이 가장 낮은 것은 무엇인가요?","['존 로크', '볼테르', '토마스 홉스', '몽테스키외', '장 자크 루소']",3
152,world_history,십자군 전쟁은 유럽에 다음과 같은 모든 영향을 미쳤습니다.,"['유럽 군주의 권력 증가', '여성의 사회적 지위 향상', '사회에서 중산층의 출현', '유럽과 동양 간 무역 감소', '교회의 정치적 힘의 증가']",4
153,world_history,일본과 서유럽 국가들은 13세기 무렵에 다음과 같은 점에서 가장 유사했습니다.,"['강력한 중앙 집중식 정부 수립', '일련의 내전을 경험했습니다.', '복잡한 봉건 시스템을 개발했습니다.', '여성의 사회적 지위 향상', '몽골군의 침략을 견뎌냈습니다.']",3
155,world_history,미노아 문화가 미케네 문화에 미친 영향은 미케네에서 가장 분명했습니다.,"['서면 언어', '야금에 대한 관심', '무역 시스템', '사회 계급 구조', '종교적 관습']",1
156,world_history,1975년 폴 포트가 이끄는 크메르 루즈는 어느 나라에서 공산주의 통치를 수립하려고 시도했습니까?,"['태국', '캄보디아', 'Laos', '말레이시아', '버마']",2
157,world_history,1917년 영국이 발표한 발포 선언은 다음 사항에 대한 영국의 입장을 명확히 했습니다.,"['영국 통치로부터 독립을 위한 인도 운동', '남아프리카의 차별적인 아파르트헤이트 정책', '팔레스타인에 유대인 국가 설립', '레닌 치하의 소비에트 연방의 형성', '제1차 세계대전에서 독일이 제안한 항복 조건']",3
158,world_history,"1908년, 콩고 자유국에서 콩고인들을 가혹하게 대했다는 국제적인 비판에 직면한 레오폴드 2세 국왕은","['콩고 독립에 동의하고 퇴위합니다.', '자신의 통제권을 포기하고 배상금을 지불합니다.', '콩고에서 자신의 권위를 영국군에 넘기고', '콩고 자유 국가에 대한 통제권을 벨기에 정부에 양도합니다.', '적대 행위를 종식시키는 인도주의적 정책 채택']",4
159,world_history,우파니샤드에는 어느 세계 종교의 핵심 철학과 중심 가르침이 담겨 있나요?,"['불교', '힌두교', '자이나교', '신도', '조로아스터교']",2
160,world_history,다음 중 '압바스 제국' 통치 기간에 제정된 중요한 변화는 무엇인가요?,"['비아랍 무슬림은 공무원과 군인의 공직을 맡을 수 있었습니다.', '이슬람의 수도는 메카에서 다마스커스로 옮겨졌습니다.', '세습적인 승계 방식이 마련되었습니다.', '이슬람은 수니파와 시아파의 주요 종파로 나뉩니다.', '비잔틴의 수도 콘스탄티노플이 정복되었습니다.']",1
161,world_history,구석기 시대의 초기 인류 문화는 다음을 제외한 모든 특징이 있습니다.,"['언어 발달', '수렵 채집인의 보급률', '농업의 출현', '작품의 외관', '장례 의식 연습']",3
162,world_history,오스만 제국의 데브시르메 정책은 주로 다음과 같은 목적으로 사용되었습니다.,"['정부의 통제 강화', '군 병력 증가', '종교의 자유 유지', '농업 생산성 향상', '경제적 안정성 보장']",2
163,world_history,다음 중 산업 혁명의 세계적 영향 중 하나에 해당하지 않는 것은?,"['산업 강대국에 의한 해외 영토 식민지화 감소', '산업화 국가와 비산업화 국가 간의 격차 확대', '멀리 떨어진 세계 문화 간의 고립감 완화', '유럽의 경제력 증가', '중산층의 정치적 영향력 강화']",1
164,world_history,스페인으로부터 독립을 위한 남미의 투쟁을 이끈 인물은 누구인가요?,"['베니토 후아레스', '포르피리오 디아즈', '에밀리아노 자파타', '시몬 볼리바르', '미구엘 이달고']",4
166,world_history,1918년 내전 이후 러시아에 대한 지배력을 확고히 한 레닌의 즉각적인 목표는 다음과 같았습니다.,"['새로운 공산주의 정부 만들기', '제1차 세계대전에서 잃어버린 러시아 영토 되찾기', '남아있는 정치적 반체제 인사 제거', '자신의 전체주의 정치 체제를 구축합니다.', '러시아 경제 안정화']",5
167,world_history,베트남을 지배한 프랑스 제국주의자들에 대한 초기 베트남인들의 저항은 주로 다음에 대한 대응이었습니다.,"['가학적인 노동 관행', '파괴적인 농업 정책', '인종 차별적 거버넌스', '토착 종교 탄압', '폭력적인 경찰 전술']",2
168,world_history,그레이트 짐바브웨와 악숨 왕국은 다음과 같은 점에서 가장 유사합니다.,"['주로 기독교 사회가 되었습니다.', '홍해 유역을 따라 위치한', '결국 무슬림 침략자들에 의해 무너졌습니다.', '무역 경로를 통한 수입으로 번창했습니다.', '그리스어를 기본 언어로 통합']",4
169,world_history,7세기 무슬림 제국이 확장되는 동안 다음을 제외하고는 모두 사실이었다.,"['이슬람으로 개종한 정복민은 인두세를 내지 않아도 되었습니다.', '무슬림이 정복한 지역에서는 아랍어를 읽을 수 있는 능력이 매우 중요했습니다.', '정복한 사회의 이교도 구성원들은 이슬람으로 개종하거나 사형에 처해질 것으로 예상되었습니다.', '기독교 또는 유대교 신앙을 가진 정복당한 사람들은 병역에 복종해야 했습니다.', '이슬람 개종을 거부한 정복자들은 그들의 신앙을 전파하지 못하도록 막았습니다.']",4
170,world_history,일본의 고유 종교인 신도는 주로 다음 사항에 중점을 둡니다.,"['신 숭배', '개인적인 깨달음', '조상 숭배', '독단적 신비주의', '참회하는 자기 부인']",3
171,world_history,다음 중 동부 및 중앙 아프리카의 이슬람 확산에 대해 사실이 아닌 것은?,"['아프리카 사람들이 이슬람으로 개종한 것은 주로 무역의 결과였습니다.', '아프리카 여성들은 여성에 대한 이슬람의 전통적인 태도를 쉽게 받아들였습니다.', '아프리카 비즈니스 커뮤니티의 엘리트들은 전환이 상업적으로 가치가 있다고 생각했습니다.', '이슬람으로 개종한 많은 아프리카인들은 부족의 관습을 일부 유지할 수 있었습니다.', '농업 인구는 다른 인구에 비해 전환을 더 꺼려했습니다.']",2
172,world_history,고대 그리스 문화가 지중해 지역 전역으로 확산된 것은 주로 그리스의,"['고유한 지역', '군사 정복', '다양한 인구', '민주적 정부', '경제적 번영']",1
173,world_history,"""국가는 시민에게 시민적 덕목을 교육하고, 시민에게 사명 의식을 부여하며, 시민을 하나로 묶어주는 역할을 한다."" 이 인용문은 어떤 정부 철학을 지지하는 지도자가 한 말일 가능성이 가장 높습니까?","['공화주의', '절대 군주주의', '계몽된 전제주의', '파시즘', '입헌 군주제']",4
174,world_history,하늘의 명령이라는 개념은 다음을 위한 합리화를 제공했습니다.,"['엄격한 도덕성 기준 유지', '외국 문명의 침략과 정복', '한 왕조에서 다른 왕조로의 권력 이전', '중국인의 도덕적 우월성을 믿습니다.', '주로 남성 중심적인 성 역할 채택']",3
175,world_history,잉카 문명은 콜럼버스 이전의 문명 중에서 가장 독특했습니다.,"['농업 수확량 증대를 위한 관개 시스템 사용', '다신교적 형태의 종교를 실천했습니다.', '복잡한 서면 언어 개발', '정복을 통한 제국 확장', '첨단 도로 시스템 구축']",5
176,world_history,18세기 대부분의 기간 동안 남아프리카 공화국은,"['네덜란드어', '영어', '스페인어', '프랑스어', '포르투갈어']",1
177,world_history,도미노 이론에 대한 공포로 인해 미국은 어떤 군사 분쟁에 참여하게 되었습니까?,"['제1차 세계 대전', '제2차 세계 대전', '한국 전쟁', '베트남 전쟁', '페르시아만 전쟁']",4
178,world_history,이 로마 작가 중 연대기 및 게르마니아를 모두 제작한 작가는 누구인가요?,"['Cicero', '타키투스', 'Virgil', 'Seneca', 'Horace']",2
179,world_history,영국과 이집트 모두 산업 혁명의 결과로 다음을 제외한 모든 것을 경험했습니다.,"['개선된 커뮤니케이션 방법', '유리 제조에 대한 전문성', '대외 무역 수준 증가', '번성하는 면직물 공장', '상업적 농업 수익']",5
180,world_history,메소아메리카에서 가장 초기에 중요한 문명은 다음과 같은 정착지를 중심으로 발전했습니다.,"['테노치티틀란', '쿠스코', '치첸 이차', '툴라', 'Tikal']",5
181,world_history,"일본은 1930년대에 군국주의로 돌아섰는데, 그 주된 이유는 다음과 같습니다.","['국경을 따라 이어지는 일련의 중국 위협', '민주주의가 실패했다는 믿음', '인근 외국 식민지를 다시 장악하려는 욕망', '도시에서 폭력적인 시민 불안이 급증하고 있습니다.', '서구로부터 완전히 고립되고 싶은 욕망']",2
182,world_history,나폴레옹 전쟁 이후 유럽의 평화를 회복하기 위해 비엔나 회의는 다음을 제외한 모든 조치를 취했습니다.,"['스위스 독립을 공식적으로 인정', '독일 연방 소개', '프랑스에 군대 해체를 요구', '네덜란드 왕국 만들기', '군주제의 정당성 회복']",3
183,world_history,후대 리 왕조는 오늘날의 새로운 중앙집권적 정부 형태를 확립하면서 중국 관료 및 공무원 관행의 많은 측면을 통합했습니다.,"['베트남', '캄보디아', '대한민국', '태국', 'Laos']",1
185,world_history,알렉산더 대왕은 통치 기간 동안 다음을 제외한 모든 지역을 정복했습니다.,"['시리아', '이집트', '메소포타미아', '인도', '소아시아']",4
186,world_history,1950년대와 1960년대 중국에서 실행된 마오주의 버전의 공산주의는 다음과 같은 점에서 동시대의 소비에트 버전의 공산주의와 달랐다.,"['자본주의 국가와의 평화로운 공존을 촉진했습니다.', '프롤레타리아트를 계급이 아닌 국가로 보았습니다.', '농민들 사이의 부의 재분배를 선호했습니다.', '예술적, 문학적 노력에 대한 검열을 옹호했습니다.', '국가가 운영하는 농업 프로그램의 가치를 지지합니다.']",2
187,world_history,열두 테이블에 기록된 문명의 법전은 어느 문명의 법전인가요?,"['그리스', '이집트', '영국', '프랑스', '로마']",5
188,world_history,다음 중 타이핑 반란을 가장 잘 설명하는 것은 무엇인가요?,"['제국주의 통치에 반대하는 국민 봉기', '무장 공산주의 반란', '중국의 왕조 지배를 위한 전투', '종교적, 정치적 내전', '몽골 점령에 대한 반란']",4
189,world_history,아프리카의 반투어를 사용하는 사람들 사이에서 그리오족이라는 용어는 다음을 의미합니다.,"['리더', '스토리텔러', '사제', '전사', '노예']",2
190,world_history,항해사 페르디난드 마젤란은 다음과 같은 일로 가장 유명합니다.,"['희망봉 일대의 첫 탐험을 이끌다', '태평양에 도달한 최초의 유럽인', '북서항로를 찾기 위한 첫 번째 시도를 이끌었습니다.', '신대륙에 첫 상륙', '지구를 일주한 최초의 사람이 되는 것']",5
191,world_history,다음 중 20세기 초 러시아의 멘셰비키와 볼셰비키를 가장 잘 묘사한 것은?,"['멘셰비키는 부르주아와 협력하는 것을 믿었고, 볼셰비키는 부르주아에 대항하는 즉각적인 혁명을 믿었습니다.', '멘셰비키는 엘리트주의 정치 체제를 지지한 반면 볼셰비키는 보다 포용적인 접근 방식을 지지했습니다.', '멘셰비키는 변형된 형태의 마르크스주의를 선호한 반면, 볼셰비키는 순수한 마르크스주의를 선호했습니다.', '멘셰비키는 적극적으로 급진적인 정치 집단이었던 반면 볼셰비키는 비교적 반동적인 접근 방식을 취했습니다.', '멘셰비키는 러시아의 제1차 세계대전 참전을 지지한 반면 볼셰비키는 반대했습니다.']",1
192,world_history,"1800년대 중반, 싱가포르의 남동부 항구는","['네덜란드어', '프랑스어', '독일인', '영어', '미국']",4
193,world_history,스페인으로부터의 멕시코 독립 운동은 다음과 같은 점에서 아메리카 대륙의 다른 정치적 반란과는 달랐습니다.,"['외교적 성격이 강하고 폭력을 수반하지 않았습니다.', '궁극적으로 유럽의 이벤트에 의해 결정됩니다.', '크리올 계급 대신 메스티조들이 시작한', '새로운 군주제를 설치하기 위해 착수했습니다.', '다른 인근 국가의 도움으로 수행']",3
194,world_history,토르데실라스 조약의 체결은 다음과 같은 역할을 했습니다.,"['스페인 내전의 적대 행위를 종식하고 민족주의의 지배를 확인합니다.', '스페인에 신대륙에서 발견된 모든 토지에 대한 독점권을 부여합니다.', '스페인 제국의 통치로부터 브라질 식민지 해방', '스페인 종교재판의 공식적이고 영구적인 폐지', '스페인과 미국 간의 무역 협정 체결']",2
195,world_history,"""소박하고 소박하지 않은 정부의 백성은 번영하고 번영할 것이다. 정부가 사찰을 일삼는다면 그의 백성은 궁핍하고 궁핍해질 것이다."" 위의 인용문은 어떤 정신 철학이 지지하는 정부에 대한 중심적인 관점을 반영하나요?","['유교', '불교', '법률주의', '신도', '도교']",5
196,world_history,설형문자 표기법은 어느 지역에서 출현했나요?,"['이집트', '메소아메리카', '인도', '메소포타미아', '중국']",4
197,world_history,아프리카의 가나 왕국은 11세기에 주로 다음과 같은 이유로 쇠퇴했습니다.,"['외국 정복자의 침략', '내부 정치적 분쟁', '열악한 농업 관행', '약한 정부 리더십', '폭력적인 종교 분쟁']",1
198,world_history,1935년 베니토 무솔리니의 지휘 아래 이탈리아 군이 이탈리아를 침공했습니다.,"['소말리아', '에티오피아', '이집트', '리비아', '나이지리아']",2
199,world_history,오늘날 캄보디아로 알려진 지역에서 크메르 제국의 부상을 이끈 작물의 재배는 무엇인가요?,"['차', 'Opium', '쌀', '설탕', '옥수수']",3
200,world_history,러시아가 제1차 세계대전에 참전한 주된 이유는 무엇인가요?,"['대규모 사상자 발생으로 인한 인구 피폐화', '동유럽 영토를 위해 독일과 체결한 외교 협정', '프랑스 및 영국 동맹국과의 관계의 적대적 성격', '짜르 정부에 대한 내부의 정치적 반대 의견', '전쟁으로 인해 국가에 가해진 심각한 경제적 부담']",4
201,world_history,이 모든 것은 인도의 굽타 제국 통치 기간에 등장한 것들입니다.,"['사티의 장례 관습', '일반적인 아라비아 숫자 체계', '칼리다사의 산스크리트 시', '지구 둘레의 발견', '소를 신성하게 여기는 전통']",5
202,world_history,고대 아프리카 도시 메로에는 기원전 250년에서 기원전 150년 사이에 주요 무역 중심지가 되었습니다.,"['gold', '향신료', '철', 'silver', '곡물']",3
203,world_history,다음을 제외한 모든 것이 로마 군대의 사실입니다.,"['토지를 소유한 모든 시민은 군대에 복무해야 했습니다.', '각 군단은 수천 명의 보병으로 구성되었습니다.', '정부는 군대에 무기를 공급할 책임이 있습니다.', '모든 군단은 기병 연대로 보완되었습니다.', '로마에 동맹을 맺은 모든 민족은 군대를 제공해야 했습니다.']",3
204,world_history,18세기에 프로이센은 프로이센의 지도력 아래 두각을 나타냈습니다.,"['합스부르크', '버번', 'Romanov', '호헨졸러', '캐롤라인']",4
205,world_history,반투족의 문화는 주로 다음과 같은 이유로 아프리카 전역으로 진화하고 확산되었습니다.,"['전쟁', '무역', '마이그레이션', '농업', '종교']",3
206,world_history,다음 중 16세기 잉카인들이 행했던 평행 하강을 가장 잘 묘사한 것은?,"['수컷은 어머니와 아버지로부터 별도로 상속받습니다.', '수컷은 아버지로부터, 암컷은 어머니로부터 유전됩니다.', '남성은 어머니와 아버지로부터 상속받은 반면, 여성은 상속받을 자격이 없습니다.', '암컷은 어머니와 아버지로부터 상속받은 반면, 수컷은 상속받을 자격이 없었습니다.', '여성은 금전적 부만 상속받았고 토지나 재산은 상속받지 못했습니다.']",2
207,world_history,1997년 교토 의정서는 어떤 문제를 다루었나요?,"['핵 군축', '세계 빈곤', '에너지 위기', '지구 온난화', '물 부족']",4
208,world_history,20세기의 한국 전쟁과 베트남 전쟁은 다음과 같은 점에서 가장 유사합니다.,"['공산주의 세력에게 상당한 영토적 이득을 가져다주었습니다.', '중립 비무장 지대 설립으로 끝났습니다.', '공산주의의 확산을 막으려는 열망에서 비롯되었습니다.', '식민지 지배로부터 자유로워지려는 민족주의적 열망에서 비롯되었습니다.', '민주적 영토 침략의 결과로 발생했습니다.']",3
209,world_history,독재자로 임명된 후 줄리어스 시저는 다음을 제외한 모든 일을 했습니다.,"['자신을 군주로 선언했습니다.', '새로운 태양력 설정', '상원의 권한 감소', '지방 거주자에게 시민권 부여', '자신을 섬겼던 군인들에게 공공 토지를 제공했습니다.']",1
210,world_history,1500년대 스페인 정복자들이 남미에 진출했을 때 잉카를 비교적 쉽게 정복할 수 있었던 것은 잉카가 다음과 같은 약점을 가지고 있었기 때문입니다.,"['자연 재해', '기근', '질병', '사전 침입', '내전']",5
211,world_history,다음 중 스파르타와 아테네 모두에 해당되는 것은 무엇인가요?,"['그들은 민주적인 정부였습니다.', '그들은 여성의 정치 참여를 거부했습니다.', '그들은 예술에 큰 공헌을 했습니다.', '금과 은의 사용을 금지했습니다.', '모든 남성에게 군 복무를 의무화했습니다.']",2
212,world_history,1912년 중국에서 청나라가 전복된 것은 주로 다음과 같은 이유 때문이었습니다.,"['심각한 정부 탄압', '수입품에 대한 과도한 과세', '민족주의 정서 고조', '외부 압력 증가', '만연한 빈곤과 기근']",3
213,world_history,1500년대에 스페인의 식민지였던 동남아시아 국가 중 멕시코와의 무역을 촉진하는 데 도움을 준 나라는 어디일까요?,"['버마', '인도네시아', '시암', '베트남', '필리핀']",5
214,world_history,800년대 카롤링거 왕조의 붕괴로 인해 곧바로,"['유럽 국민 국가의 부상', '봉건제 도입', '르네상스의 시작', '개신교 교회 설립', '광범위한 산업화의 시작']",2
215,world_history,루터교와 칼빈주의는 다음과 같은 견해에서 가장 유사하지 않았습니다.,"['로마 가톨릭 교회의 부패 정도', '일상 생활에서 종교의 중요성', '면죄부 판매', '개인이 자신의 운명에 영향을 미칠 수 있는 능력', '결혼 외 독신의 중요성']",4
216,world_history,냉소주의 철학을 고수하는 사람은 다음 중 어느 진술에 가장 동의할 가능성이 높습니까?,"['모든 인간은 공동의 형제애의 일부입니다.', '내면의 평화는 즐거움을 추구하고 고통을 피함으로써 찾을 수 있습니다.', '개인에게는 다른 사람을 도와야 할 고유한 책임이 있습니다.', '인생은 물질에 대한 집착 없이 단순하게 살아야 합니다.', '고결하게 행동하는 것은 좋은 삶을 살기 위한 열쇠입니다.']",4
217,world_history,국제연맹으로 알려진 세계 평화 유지 기구와 그 후신인 유엔은 가장 큰 차이점이 있습니다.,"['리그 오브 네이션스는 더 많은 국가와 함께 시작되었습니다.', '국제연맹은 골칫거리로 여겨지는 국가를 제외했습니다.', '유엔은 정책을 시행하기 위해 군사 부서를 구성했습니다.', '유엔은 현재 진행 중인 전쟁을 종식시키기 위해 설립되었습니다.', '국제 연맹에는 여러 개의 개별 행정 기관이 포함되어 있습니다.']",3
218,world_history,1521년 에르난 코르테스가 스페인의 정복을 이끈 메소아메리카 문화는 어느 것입니까?,"['아즈텍', 'Inca', 'Olmec', 'Maya', 'Toltec']",1
219,world_history,"""신에 대한 거칠고 불경스러운 생각은 인간이 변하지 않는 과학의 법칙과 이성의 올바른 사용에서 벗어나 방황했기 때문에, 그리고 계시 종교라는 것이 발명되었기 때문에 형성되었다."" 위의 진술은 다음 중 어느 지적 운동의 이데올로기를 가장 잘 반영하고 있나요?","['휴머니즘', '물질주의', 'Deism', '공리주의', '이상주의']",3
220,world_history,대동아시아 공동 번영 구는 주로 일본이 다음을 위해 설계했습니다.,"['서방 지원에 대한 일본의 의존도 종식', '아시아에서 공산주의의 확산을 제한합니다.', '제국의 지배로부터 아시아 국가들을 해방시키다', '아시아 전역에 자체 제국 건설', '적절한 원자재 공급 확보']",5
221,world_history,체계적인 질문을 기반으로 교육 방법론을 개발한 그리스 철학자는 다음과 같습니다.,"['아리스토텔레스', '에피쿠로스', 'Plato', '데모크리투스', '소크라테스']",5
222,world_history,몽골이 중국을 지배하는 동안 제국을 동남아시아로 확장하려는 시도에 실패한 이유는 주로 다음과 같습니다.,"['그들의 침공은 거센 저항에 부딪혔습니다.', '지형이 너무 어려워서 탐색하기 어려웠습니다.', '현지 세력을 극복할 수 있는 인력이 부족했습니다.', '이 지역의 기후는 매우 열악했습니다.', '긴 캠페인을 위한 리소스가 부족했습니다.']",4
223,world_history,미케네 인의 문자 언어는,"['미노스', '페니키아', '바빌로니아인', '히타이트', '아시리아']",1
224,world_history,다음 중 제국의 지배를 받는 아프리카에서 흔히 볼 수 있는 보호국 유형을 가장 잘 설명하는 것은?,"['외국 세력이 직접 통제하는 지역', '다른 국가의 행정 구역으로 간주되는 지역', '제국의 통제 하에 있는 동안 정부를 유지할 수 있는 지역', '외국 정부가 아닌 민간 기업이 관리하는 지역', '다른 국가가 독점적 무역권을 보유하고 있는 지역']",3
225,world_history,다음 중 고대 이집트 민족과 인더스 강 계곡의 유사성을 정확하게 묘사하지 않은 것은?,"['그들은 다신교를 믿었습니다.', '그들은 외국 점령군을 몰아냈습니다.', '그들은 계층화된 사회 구조를 발전시켰습니다.', '그들은 상당한 아키텍처 발전을 이루었습니다.', '그들은 생존을 위해 농업에 의존했습니다.']",2
226,world_history,스페인은 메소아메리카를 정복하는 동안 엔코미엔다 시스템을 활용하여 다음과 같은 일을 할 수 있었습니다.,"['원주민을 정착지에서 강제로 쫓아내고 땅에서 쫓아냅니다.', '원주민에게 사형에 처할 수 있다는 조건으로 충성을 맹세하도록 요구합니다.', '스페인을 대신해 싸우도록 원주민에게 돈을 주고', '원주민에게 공물을 바치고 노동력을 제공하도록 요구합니다.', '원주민의 대량 이주 장려']",4
227,world_history,다음 중 우드로 윌슨의 14개 항과 베르사유 조약의 가장 중요한 합의 사항은?,"['독일은 아프리카 식민지에 대한 통제권을 포기해야 합니다.', '국제 평화 유지 기구를 설립해야 합니다.', '국가 간 무역 장벽을 줄여야 합니다.', '독일은 전쟁에 대한 모든 책임을 져야 합니다.', '바다의 자유는 평시와 전시 모두에서 보장되어야 합니다.']",2
228,world_history,이슬람의 시아파와 더 큰 수니파의 분리는 주로 다음과 같은 분쟁의 결과였습니다.,"['무슬림 사회에서 여성에 대한 대우', '코란에 대한 다양한 해석', '부의 획득에 대한 우마이야 왕조의 집착', '인근 문화권과의 무역 관행', '무함마드 사망 후 계승 계보']",5
229,world_history,이탈리아에서 베니토 무솔리니 치하의 파시스트 정당이 부상하는 데 가장 크게 기여한 요인은 무엇인가요?,"['이탈리아인의 민족주의 의식 증가', '기존 이탈리아 정부의 억압적인 정책', '제1차 세계대전 이후 이탈리아의 영토 확장 부족에 대한 불만', '이탈리아 군주 빅토르 엠마누엘 3세에 대한 광범위한 반대 운동', '유럽의 취약한 국제 관계 상태에 대한 우려']",3
230,world_history,다음 중 한나라에 대해 사실이 아닌 것은?,"['유럽과 광범위한 무역을 했습니다.', '공무원 시험이 도입되었습니다.', '만리장성 건설이 일찍 시작되었습니다.', '교통 개선을 위해 도로와 운하를 만들었습니다.', '세금을 통해 관료와 군대에 자금을 지원했습니다.']",3
231,world_history,유럽 콘서트의 주요 목표는 무엇인가요?,"['1차 세계대전 이후 유럽의 경계를 다시 그리다', '동유럽으로의 공산주의 확산을 제한하기 위해', '현상 유지를 통해 미래의 혁명을 막기 위해', '로마 제국 멸망 후 새로운 민족 국가를 세우기 위해', '대륙별 무역 관계 및 비즈니스 파트너십 개발']",3
232,world_history,표시된 차트의 정보에서 가장 잘 추론할 수 있는 것은 무엇인가요?,"['슬라브어는 영어의 발전에 큰 영향을 미쳤습니다.', '로마의 영국 점령은 영어의 발전에 큰 영향을 미쳤습니다.', '영어는 게르만어, 프랑스어, 그리스어의 영향을 혼합하여 발전했습니다.', '고전 언어는 영어와 프랑스어 모두의 발전에 큰 영향을 미쳤습니다.', '영어는 주로 중세와 르네상스 시대에 발전했습니다.']",2
233,world_history,1954년 프랑스와 미국이 남베트남에 설치한 정부는 왜 결국 실패했을까요?,"['베트남 정부는 부패했고 베트남 국민에게 인기가 없었습니다.', '베트남 국민은 호치민 공산주의 정권을 선호했습니다.', '베트남 국민은 프랑스의 지원으로 인해 정부를 불신했습니다.', '정부는 독립적인 존립에 필요한 자원을 조달할 수 없었습니다.', '베트남 국민은 정부의 공산주의 정책에 분노했습니다.']",1
234,world_history,고대 중국의 유교와 법가 철학은 어떤 점에서 가장 유사했나요?,"['클래스별로 교육 기준을 나누었습니다.', '그들은 강력한 정부의 중요성을 강조했습니다.', '그들은 원로들에 대한 존경과 경외심을 고취했습니다.', '그들은 자연과 조화를 이루는 삶을 강조했습니다.', '그들은 대부분의 독립적인 사고를 방해했습니다.']",2
235,world_history,휴머니즘이라는 개념은,"['깨달음', '개신교 종교 개혁', '르네상스', '과학 혁명', '인상주의 운동']",3
236,world_history,1628년에 작성된 권리 청원서는 찰스 1세가 다음과 같은 행위를 하지 못하도록 제한하려고 시도했습니다.,"['시민들에게 자택에 군인을 격리하도록 요구', '평시 계엄령 선포', '의회 승인 없이 세금을 제정하는 행위', '의회에서 통과된 법의 효력 정지', '정당한 사유 없이 사람을 감금하는 행위']",4
237,world_history,철학자들이 통치하고 지능에 의해 결정되는 계급 구분 구조에 기반한 국가라는 개념은 다음과 같은 사람들이 가장 강력하게 지지했습니다.,"['아리스토텔레스', '유클리드', 'Plato', '피타고라스', '소크라테스']",3
238,world_history,다음 중 무사도라고 알려진 사무라이 행동 강령의 가장 중요한 측면은 무엇인가요?,"['봉건 영주에 대한 충성심', '개인 명예 보호', '황제의 보호', '영토 방어', '죽음에 대한 수용']",1
239,world_history,"""정부는 통치하는 자와 통치받는 자 사이의 협정이라고 말하는 것은 자유의 원칙을 확립하는 데 상당한 진전이라고 여겨져 왔지만, 이것은 원인보다 결과를 앞세우는 것이기 때문에 사실일 수 없다; 정부가 존재하기 전에 인간이 존재했어야 했으므로, 정부가 존재하지 않았던 시대가 반드시 존재했고, 따라서 그러한 협정을 맺을 정부도 원래 존재할 수 없었기 때문이다. 그러므로 사실은 개인들이 각자 자신의 개인적이고 주권적인 권리로 정부를 만들기 위해 서로 계약을 체결한 것이 틀림없으며, 이것이 정부가 발생할 권리가 있는 유일한 방식이자 정부가 존재할 권리가 있는 유일한 원칙이다."" 위의 텍스트는 다음 중 어느 것을 지지하기 위해 작성된 팜플렛의 일부입니까?","['러시아 혁명', '벨벳 혁명', '아이티 혁명', '영광스러운 혁명', '프랑스 혁명']",5
240,world_history,송나라 시대의 중국 무역은 가장 큰 영향을 받은 것은,"['중앙 집중식 거버넌스 복원', '자기 나침반의 발명', '유교적 공무원 제도 제정', '대운하 건설', '중국 전역의 불교 확산']",2
241,world_history,공산주의와 파시즘의 정치 이론은 다음을 제외한 모든 교리를 공유합니다.,"['단일 당사자 규칙 준수', '국가에 대한 충성심', '사회 민주주의에 대한 반대', '사회 계층의 해체', '독재적 리더십에 대한 지원']",4
242,world_history,다음 중 제1차 세계대전의 가장 직접적인 원인은 무엇인가요?,"['폴란드 침공', '트리플 얼라이언스 결성', '보스니아 합병', '러시아 혁명의 시작', '프란츠 페르디난트 암살']",5
243,world_history,다음 중 1798년 로제타 스톤이 발견된 후 현대 학자들에게 더 명확하게 밝혀진 것은?,"['고대 메소포타미아의 법', '힌두교의 기원', '고대 이집트인의 문자 언어', '수메르 사회의 무역 관행', '고대 중국의 농업 방법']",3
245,world_history,"""우리는 좌절하거나 실패하지 않을 것입니다. 우리는 끝까지 싸울 것이다. 우리는 프랑스에서 싸울 것이며, 바다와 대양에서 싸울 것이며, 공중에서 점점 더 자신감을 갖고 힘을 키워가며 싸울 것이며, 어떤 대가를 치르더라도 우리 섬을 지켜낼 것입니다. 우리는 해변에서 싸우고, 상륙지에서 싸우고, 들판과 거리에서 싸우고, 언덕에서 싸울 것이며, 결코 항복하지 않을 것입니다."" 위의 인용문은 다음 중 어느 전쟁에서 벌어진 치열한 전투를 언급하고 있나요?","['제1차 세계 대전', '제2차 세계 대전', '한국 전쟁', '제1차 발칸 전쟁', '식스데이 전쟁']",2
246,world_history,다음을 제외한 고대 말리 사람들에 대한 다음 내용은 모두 사실입니다.,"['그들은 금과 무역을 통해 부를 쌓았습니다.', '그들은 팀북투를 주요 도시로 만들었습니다.', '때때로 무슬림 지도자들에 의해 통치되기도 했습니다.', '그들은 친족 관계를 기반으로 마을을 조직했습니다.', '그들은 강력한 정부 시스템에 의존했습니다.']",4
247,world_history,포폴 부에 담긴 창조 이야기는 다음과 같이 작성되었습니다.,"['아즈텍', 'Inca', 'Maya', 'Olmec', 'Toltec']",3
248,world_history,인도에서의 영국 제국주의는 다음을 제외한 모든 결과를 초래했습니다.,"['제한적 거래 정책 제정', '네이티브 산업의 생산성 향상', '의료 및 위생 개선', '원자재 수출 증가', '운송 시스템 확장']",2
249,world_history,13세기와 14세기에 일어난 몽골의 중국 점령은 중국의 경제적 안정을 다음과 같이 개선했습니다.,"['수입 상품에 대한 세금 감소', '대운하 확장으로 이어지는', '중국 정부의 분권화', '중국 산업화 장려', '더 안전한 무역로 여행']",5
250,world_history,프랑스 혁명과 러시아 혁명이 확대되는 데 중요한 역할을 한 요인은 무엇인가요?,"['산업화의 부상', '억압적인 군주제 통치', '이전에 실패한 봉기', '공산주의의 영향', '여성 인권에 대한 요구']",2
251,world_history,다음 중 올바른 시간 순서로 전쟁을 나열한 답은?,"['30년 전쟁, 크림 전쟁, 보어 전쟁, 백년 전쟁', '크림 전쟁, 백년 전쟁, 보어 전쟁, 30년 전쟁', '백년전쟁, 30년전쟁, 크림전쟁, 보어전쟁', '보어 전쟁, 크림 전쟁, 백년 전쟁, 30년 전쟁', '백년 전쟁, 보어 전쟁, 30년 전쟁, 크림 전쟁']",3
253,world_history,다음 중 율법주의를 신봉하는 사람이 지지할 가능성이 가장 낮은 것은 무엇인가요?,"['강력한 가족 가치', '통치자에 대한 충성도', '교육에 대한 동등한 접근성', '주 정부 정책에 대한 제출', '미디어 검열']",3
254,world_history,"""그러므로 부르주아지가 생산하는 것은 무엇보다도 스스로 무덤을 파는 자들입니다. 그 몰락과 프롤레타리아트의 승리는 똑같이 피할 수 없다."" 위의 문장이 가장 명확하게 반영하고 있는 정치 철학의 주요 교리는 무엇인가요?","['공산주의', '민주주의', '파시즘', '신권주의', '전체주의']",1
255,world_history,"""아무리 교육을 잘 받고 영리한 원주민이라 할지라도, 그리고 아무리 용감한 사람이라 할지라도, 나는 그에게 부여할 수 있는 어떤 계급도 그를 영국 장교와 동등하게 여길 수 없을 것이라고 생각한다."" -키치너 경, 인도 주둔 영국군 사령관 다음 중 식민지 강대국과 그들이 지배하는 원주민에 대한 일반화를 뒷받침하는 것은 어느 것인가?","['식민지 세력은 보통 주로 군사력을 통해 원주민을 통제했습니다.', '식민지 세력은 종종 스스로를 원주민보다 인종적으로 우월하다고 여겼습니다.', '식민지 강대국들은 군사력을 강화하기 위해 원주민을 이용하는 경향이 있었습니다.', '식민지 세력은 능력이 부족한 원주민을 통치하기 위해 필요했습니다.', '식민지 강대국들은 원주민의 지위 향상을 장려했습니다.']",2
256,world_history,유엔이 1950년 한국에 국제군을 파병한 이유는 주로 다음과 같습니다.,"['북한, 한국에 대한 핵 공격 위협', '북한과 중국 선박이 황해에서 한국 선박을 공격했습니다.', '북한군은 38선을 넘어 남한 영토로 들어왔습니다.', '북한, 소련으로부터 핵무기 획득', '북한은 한국 정부를 전복하기 직전에 있었습니다.']",3
257,world_history,"전통적인 힌두교 카스트 제도에 따르면, 미숙련 노동자는 어느 계급에 속하는 것으로 간주됩니까?","['브라만', '하리잔', '크샤트리야', 'Shudra', 'Vaishya']",4
258,world_history,호치민은 1941년 베트남으로 돌아와 주로 다음과 같은 위기에 대응하기 위해 베트민을 창설했습니다.,"['베트남에서 공산주의의 영향력 확대', '남베트남의 미국 군사화', '응오 딘 디엠의 독재적 지도력', '베트남에 대한 프랑스의 식민 지배', '남북 베트남의 지정학적 분단 상황']",4
260,world_history,다음 중 고대 이집트 역사의 신왕국 시대에 일어난 사건은?,"['파라오 카프라의 통치', '로제타 스톤 조각', '피라미드 건설', '힉소스 추방', '스핑크스 건설']",4
261,world_history,다음 중 고대 아프리카의 쿠시족과 반투어를 사용하는 사람들 모두에 해당되는 것은?,"['두 사람 모두 고대 이집트인을 본떠서 리더십의 형태를 만들었습니다.', '두 사람 모두 철제 무기와 도구를 만들기 위해 제철 기술을 발전시켰습니다.', '두 문화 모두 이동성 문화로 시작하여 결국 한 지역에 정착했습니다.', '두 나라 모두 문화적 혼혈을 통해 아프리카 전역에 언어를 전파했습니다.', '둘 다 주로 농업에 종사했으며 농사와 가축 사육에 의존했습니다.']",2
262,world_history,트라팔가 해전은 영국이 다음과의 전쟁에서 거둔 중요한 해전 승리였습니다.,"['오스트리아-헝가리', '프랑스', '독일', '포르투갈', '스페인']",2
263,world_history,잉카 문명에 대해 다음 중 다음을 제외한 모든 것이 사실입니다.,"['그들은 딸은 어머니로부터, 아들은 아버지로부터 물려받는 평행 혈통 시스템을 사용했습니다.', '그들은 제국 확장을 위한 자금 조달 수단으로 주변 지역 사회에 공물을 바치도록 요구했습니다.', '그들은 그들의 통치자가 태양에서 내려온 신이며 그의 주된 아내는 달을 대표한다고 믿었습니다.', '제국에 충성하는 대가로 정복한 지역 사회가 고유한 문화와 지역 지도자를 유지할 수 있도록 허용했습니다.', '그들은 대부분의 제사를 인간 대신 라마나 기니피그 같은 동물을 이용해 치렀습니다.']",2
264,world_history,인도 아그라에 있는 타지마할은 원래는,"['요새', '수도원', '모스크', '궁전', 'tomb']",5
265,world_history,포에니 전쟁 기간 동안 로마는 세 차례에 걸쳐,"['카르타고인', 'Gauls', '일리리언', '마케도니아인', '샘나이트']",1
267,world_history,1947년 인도가 독립하기 전에 영국이 아시아에 세운 나라는 어디인가요?,"['아프가니스탄', '방글라데시', '파키스탄', '네팔', '투르크메니스탄']",3
268,world_history,로마 제국과 한나라의 쇠퇴 요인 중 다음을 제외한 모든 것이 쇠퇴의 원인이었습니다.,"['큰 규모로 인한 정부 관리의 어려움', '국경 내 정치적 저항 단체의 폭력', '열악한 농업 생산량, 기근, 급속히 확산되는 전염병', '국경을 따라 야만인의 침략이 무역에 부정적인 영향을 미쳤습니다.', '권력을 장악하고 자신을 황제로 선포하려는 장군들에 의한 분열']",2
269,world_history,19세기에 식민지 동남아시아의 어느 지역이 제국의 통치를 받는 다른 국가들 사이에서 '완충 지대' 역할을 한 독립 국가였습니까?,"['버마', '싱가포르', '보르네오', '수마트라', '시암']",5
270,world_history,그레이트 짐바브웨 도시는 13세기에 주로 다음과 같은 이유로 명성을 얻었습니다.,"['작동 중인 금광 소유', '강력한 농업 경제', '광범위한 군사 정복', '주요 거래 경로 제어', '로마 제국과의 정치적 관계']",4
271,world_history,돈을 모금함에 넣으면 영혼이 즉시 [연옥에서] 날아간다고 설교하는 것은 단순한 인간의 말일 뿐입니다. 36. 다음 중 위의 진술을 했을 가능성이 가장 높은 종교 지도자는?,"['존 캘빈', '로욜라의 이그나티우스', '마틴 루터', '존 녹스', '울리히 츠빙글리']",3
272,world_history,"신석기 혁명은 선사 시대 인류의 생활 방식에 근본적인 변화를 가져온 사건으로, 주로 다음과 같은 특징이 있습니다.","['초기 정부의 출현', '농업 기술 개발', '조직화된 종교의 형성', '체계적인 거래의 시작', '초기 도구 및 기계의 건설']",2
273,world_history,수도에서 사용할 수 있는 농지의 양을 늘리기 위해 치남파를 사용한 메소아메리카 문화권은 어느 것입니까?,"['Inca', 'Olmec', 'Maya', '아즈텍', 'Toltec']",4
274,world_history,"석유, 주석, 고무와 같은 천연 자원과 상품에 대한 관심으로 네덜란드는 17세기부터 동남아시아의 어느 지역을 식민지로 삼게 되었습니까?","['인도네시아', '말레이시아', '버마', '시암', '필리핀']",1
275,world_history,다음 중 현대 국가를 한때 지배했던 제국주의 국가와 일치하지 않는 것은?,"['보스니아 → 오스트리아-헝가리 제국', '캄보디아 → 몽골 제국', '예멘 → 우마이야 제국', '터키 → 오스만 제국', '가이아나 → 대영 제국']",2
276,world_history,경제학자 애덤 스미스는 1776년 저서 '국부론'에서 자유방임주의 경제 철학을 옹호하며 다음과 같이 구체적으로 비난했습니다.,"['공산주의', '봉건주의', '제국주의', '중상주의', '자본주의']",4
277,world_history,다음 중 최초의 공무원 시험을 시행한 중국 왕조는 어느 왕조입니까?,"['Tang', 'Zhou', 'Sui', 'Qin', '한']",5
278,world_history,사성제는 어느 동양의 주요 종교의 기초를 이루는 것입니까?,"['힌두교', '시크교', '도교', '불교', '신도']",4
279,world_history,다음 중 2차 세계대전을 앞두고 독일과 일본의 유사성을 가장 잘 설명하는 답은?,"['두 나라 모두 외국의 영향력으로부터 스스로를 고립시키기를 원했습니다.', '두 나라 모두 민족적 우월성을 확신하고 있었습니다.', '두 나라 모두 경제적 이득을 위한 영토 확장에 관심이 있었습니다.', '양국은 모두 1차 세계대전에서 막대한 손실을 입어 고통 받고 있었습니다.', '양국은 소수 민족에 대한 인종 및 민족 청소를 지지했습니다.']",3
280,world_history,메소아메리카의 식민지를 통치한 스페인 정착민들이 아메리카 원주민을 노예로 삼는 대신 아프리카인을 노동력으로 수입한 이유는 다음과 같습니다.,"['아프리카인은 아메리카 원주민보다 유럽인에게 더 순종적이었습니다.', '아프리카인은 아메리카 원주민보다 질병에 더 강했습니다.', '아프리카인은 아메리카 원주민보다 저렴한 노동력 공급원이었습니다.', '아프리카인은 아메리카 원주민보다 육체 노동에 더 능숙했습니다.', '아프리카인은 아메리카 원주민보다 의사소통이 더 쉬웠습니다.']",2
281,world_history,"""이 시점에서 사람은 애지중지하거나 전멸시켜야 한다는 것을 알 수 있습니다. 그들은 가벼운 범죄는 복수하지만 심각한 범죄는 복수할 수 없으므로, 사람에게 가하는 해악은 복수에 대한 두려움을 없애기 위한 것이어야 한다."" 위의 인용문은 다음 중 어느 것에서 따온 것입니까?","['공산당 선언, 칼 마르크스, 프리드리히 엥겔스', '어리석음을 찬양하며, 데시데리우스 에라스무스', '유토피아, 토마스 모어 경', '왕자, 니콜로 마키아벨리', '정부에 관한 두 가지 논문, 존 로크']",4
282,world_history,서아프리카 가나 왕국에서 금을 제외하고 가장 가치 있고 거래량이 많은 상품은 다음과 같습니다.,"['소금', '아이보리', '노예', '곡물', '쌀']",1
283,world_history,다음을 제외한 모든 거래 계약의 예는 다음과 같습니다.,"['NAFTA', 'OPEC', 'LAFTA', 'GATT', 'ASEAN']",2
284,world_history,중국은 대략 기원전 1세기에서 10세기 사이에 베트남을 통치했습니다. 이 기간 동안 중국인들은 베트남인들의 저항에 가장 많이 부딪혔습니다.,"['공무원 및 관료주의 시스템 구현', '베트남인들에게 유교 이데올로기를 소개합니다.', '베트남 사회에서 여성의 역할을 강조하지 않습니다.', '중국 전통 농업 방식 사용', '베트남인을 불교로 개종시키다']",3
285,world_history,서유럽에서 봉건주의가 부상한 것은 주로 다음과 같은 이유 때문이었습니다.,"['극심한 기근으로 인한 정치적 불안', '외국 침략자의 공격에 대한 두려움', '카롤링거 왕조의 붕괴', '국가 문제에 대한 교회의 권위에 대한 분쟁', '해외 국가와의 거래 증가']",2
